{"app":["/app-fc2d633892ddec7b2477.js"],"component---src-pages-404-tsx":["/component---src-pages-404-tsx-7ef32c40adb9f0372d85.js"],"component---src-pages-index-tsx":["/component---src-pages-index-tsx-7d936dbe5bd84777dd00.js"],"component---src-pages-service-1-tsx":["/component---src-pages-service-1-tsx-401362981a540cde9948.js"],"component---src-pages-service-2-tsx":["/component---src-pages-service-2-tsx-b7fe77b427a002d67c8f.js"],"component---src-pages-service-3-tsx":["/component---src-pages-service-3-tsx-15c84e4c8302039d5640.js"],"component---src-pages-service-4-tsx":["/component---src-pages-service-4-tsx-7600d95e82ad1a09c1ef.js"],"component---src-pages-service-5-tsx":["/component---src-pages-service-5-tsx-c735bed0e2773eca4128.js"],"component---src-pages-service-6-tsx":["/component---src-pages-service-6-tsx-839781654a8f9eb87b18.js"]}