{"name":"build-javascript","namedChunkGroups":{"app":{"name":"app","assets":[{"name":"webpack-runtime-1a2e75d911808e127faf.js","size":5126},{"name":"framework-5a07166f3d3625ed30d4.js","size":140741},{"name":"app-fc2d633892ddec7b2477.js","size":61739}],"filteredAssets":0,"assetsSize":207606,"filteredAuxiliaryAssets":3,"auxiliaryAssetsSize":592976},"component---src-pages-404-tsx":{"name":"component---src-pages-404-tsx","assets":[{"name":"component---src-pages-404-tsx-7ef32c40adb9f0372d85.js","size":744}],"filteredAssets":0,"assetsSize":744,"filteredAuxiliaryAssets":1,"auxiliaryAssetsSize":1994},"component---src-pages-index-tsx":{"name":"component---src-pages-index-tsx","assets":[{"name":"styles.630416a8c79fd24c9059.css","size":78953},{"name":"cb355538-c5d06ecb284bf9a5393d.js","size":5771},{"name":"fea29d9f-690a037b58e3eacf1f9c.js","size":1979},{"name":"eaca7d4c4b3dcec1b4d70aa0f17ee389677459a6-8263668ce0eb9baea9d0.js","size":31530},{"name":"component---src-pages-index-tsx-7d936dbe5bd84777dd00.js","size":29304}],"filteredAssets":0,"assetsSize":147537,"filteredAuxiliaryAssets":26,"auxiliaryAssetsSize":10234821},"component---src-pages-service-1-tsx":{"name":"component---src-pages-service-1-tsx","assets":[{"name":"styles.630416a8c79fd24c9059.css","size":78953},{"name":"cb355538-c5d06ecb284bf9a5393d.js","size":5771},{"name":"eaca7d4c4b3dcec1b4d70aa0f17ee389677459a6-8263668ce0eb9baea9d0.js","size":31530},{"name":"component---src-pages-service-1-tsx-401362981a540cde9948.js","size":11324}],"filteredAssets":0,"assetsSize":127578,"filteredAuxiliaryAssets":4,"auxiliaryAssetsSize":3255287},"component---src-pages-service-2-tsx":{"name":"component---src-pages-service-2-tsx","assets":[{"name":"styles.630416a8c79fd24c9059.css","size":78953},{"name":"cb355538-c5d06ecb284bf9a5393d.js","size":5771},{"name":"eaca7d4c4b3dcec1b4d70aa0f17ee389677459a6-8263668ce0eb9baea9d0.js","size":31530},{"name":"component---src-pages-service-2-tsx-b7fe77b427a002d67c8f.js","size":11324}],"filteredAssets":0,"assetsSize":127578,"filteredAuxiliaryAssets":4,"auxiliaryAssetsSize":3255290},"component---src-pages-service-3-tsx":{"name":"component---src-pages-service-3-tsx","assets":[{"name":"styles.630416a8c79fd24c9059.css","size":78953},{"name":"cb355538-c5d06ecb284bf9a5393d.js","size":5771},{"name":"eaca7d4c4b3dcec1b4d70aa0f17ee389677459a6-8263668ce0eb9baea9d0.js","size":31530},{"name":"component---src-pages-service-3-tsx-15c84e4c8302039d5640.js","size":11323}],"filteredAssets":0,"assetsSize":127577,"filteredAuxiliaryAssets":4,"auxiliaryAssetsSize":3255288},"component---src-pages-service-4-tsx":{"name":"component---src-pages-service-4-tsx","assets":[{"name":"styles.630416a8c79fd24c9059.css","size":78953},{"name":"cb355538-c5d06ecb284bf9a5393d.js","size":5771},{"name":"eaca7d4c4b3dcec1b4d70aa0f17ee389677459a6-8263668ce0eb9baea9d0.js","size":31530},{"name":"component---src-pages-service-4-tsx-7600d95e82ad1a09c1ef.js","size":11324}],"filteredAssets":0,"assetsSize":127578,"filteredAuxiliaryAssets":4,"auxiliaryAssetsSize":3255289},"component---src-pages-service-5-tsx":{"name":"component---src-pages-service-5-tsx","assets":[{"name":"styles.630416a8c79fd24c9059.css","size":78953},{"name":"cb355538-c5d06ecb284bf9a5393d.js","size":5771},{"name":"eaca7d4c4b3dcec1b4d70aa0f17ee389677459a6-8263668ce0eb9baea9d0.js","size":31530},{"name":"component---src-pages-service-5-tsx-c735bed0e2773eca4128.js","size":11324}],"filteredAssets":0,"assetsSize":127578,"filteredAuxiliaryAssets":4,"auxiliaryAssetsSize":3255289},"component---src-pages-service-6-tsx":{"name":"component---src-pages-service-6-tsx","assets":[{"name":"styles.630416a8c79fd24c9059.css","size":78953},{"name":"cb355538-c5d06ecb284bf9a5393d.js","size":5771},{"name":"eaca7d4c4b3dcec1b4d70aa0f17ee389677459a6-8263668ce0eb9baea9d0.js","size":31530},{"name":"component---src-pages-service-6-tsx-839781654a8f9eb87b18.js","size":11324}],"filteredAssets":0,"assetsSize":127578,"filteredAuxiliaryAssets":4,"auxiliaryAssetsSize":3255297}},"assetsByChunkName":{"app":["webpack-runtime-1a2e75d911808e127faf.js","framework-5a07166f3d3625ed30d4.js","app-fc2d633892ddec7b2477.js"],"component---src-pages-404-tsx":["component---src-pages-404-tsx-7ef32c40adb9f0372d85.js"],"component---src-pages-index-tsx":["styles.630416a8c79fd24c9059.css","cb355538-c5d06ecb284bf9a5393d.js","fea29d9f-690a037b58e3eacf1f9c.js","eaca7d4c4b3dcec1b4d70aa0f17ee389677459a6-8263668ce0eb9baea9d0.js","component---src-pages-index-tsx-7d936dbe5bd84777dd00.js"],"component---src-pages-service-1-tsx":["styles.630416a8c79fd24c9059.css","cb355538-c5d06ecb284bf9a5393d.js","eaca7d4c4b3dcec1b4d70aa0f17ee389677459a6-8263668ce0eb9baea9d0.js","component---src-pages-service-1-tsx-401362981a540cde9948.js"],"component---src-pages-service-2-tsx":["styles.630416a8c79fd24c9059.css","cb355538-c5d06ecb284bf9a5393d.js","eaca7d4c4b3dcec1b4d70aa0f17ee389677459a6-8263668ce0eb9baea9d0.js","component---src-pages-service-2-tsx-b7fe77b427a002d67c8f.js"],"component---src-pages-service-3-tsx":["styles.630416a8c79fd24c9059.css","cb355538-c5d06ecb284bf9a5393d.js","eaca7d4c4b3dcec1b4d70aa0f17ee389677459a6-8263668ce0eb9baea9d0.js","component---src-pages-service-3-tsx-15c84e4c8302039d5640.js"],"component---src-pages-service-4-tsx":["styles.630416a8c79fd24c9059.css","cb355538-c5d06ecb284bf9a5393d.js","eaca7d4c4b3dcec1b4d70aa0f17ee389677459a6-8263668ce0eb9baea9d0.js","component---src-pages-service-4-tsx-7600d95e82ad1a09c1ef.js"],"component---src-pages-service-5-tsx":["styles.630416a8c79fd24c9059.css","cb355538-c5d06ecb284bf9a5393d.js","eaca7d4c4b3dcec1b4d70aa0f17ee389677459a6-8263668ce0eb9baea9d0.js","component---src-pages-service-5-tsx-c735bed0e2773eca4128.js"],"component---src-pages-service-6-tsx":["styles.630416a8c79fd24c9059.css","cb355538-c5d06ecb284bf9a5393d.js","eaca7d4c4b3dcec1b4d70aa0f17ee389677459a6-8263668ce0eb9baea9d0.js","component---src-pages-service-6-tsx-839781654a8f9eb87b18.js"]},"childAssetsByChunkName":{}}